,Dm CS,Dm PD,Pman CS,Pman PD,Plong CS,Plong PD,Cfor CS,Cfor PD,Nlep CS,Nlep PD,Ncin CS,Ncin PD
0-900,1.368347134,0.171990662,1.211104274,0.193807658,1.119489207,0.152691508,1.204122974,0.208049208,1.47574611,0.204857972,1.428899807,0.138508211
1500-2500,1.37599883,0.091834437,1.22702989,0.205773072,1.115304386,0.155035112,1.211649528,0.171893548,1.479137945,0.173887517,NA,NA
3500-5000,NA,NA,1.180475216,0.181977765,1.095389176,0.130519746,1.204122086,0.173498277,1.460413987,0.148437976,NA,NA
6000-7500,1.356532521,0.071738781,1.220215637,0.190604033,NA,NA,1.227369713,0.145634944,1.494406372,0.195418667,NA,NA